Metadata,Description Network,Category,Collection,Tags,Short,Vertex Type,Edge Type,Format,Edge Weights,Description,Citation/Link,DOI,,,,,,,,
Miscellaneous Network Names,,,,,,,,,,,,,,,,,,,,
08Blocks,Symmetric Powers of Graphs,,SuiteSparse Matrix Collection,combinatorial problem,,,,,Weighted,"Symmetric powers of graphs from Gordon Royle, univ of Western Australia",http://research-repository.uwa.edu.au/en/publications/symmetric-squares-of-graphs(bbd0b99f-9ad3-4d8c-8c8c-b55b5429668b)/export.html,10.1016/j.jctb.2006.04.002,,,,,,,,
1138-Bus,Power Network,,,"power network problem, weighted network",,,,,Weighted,"S ADMITTANCE MATRIX 1138 BUS POWER SYSTEM, D.J.TYLAVSKY, JULY 1985.",https://sparse.tamu.edu/HB/494_bus,,,,,,,,,
12month1,Undirected Bipartite Graph,,,undirected bipartite graph,,,,,Unweighted,"12 months, 12,646 users from digg.com. Steven Buss",https://sparse.tamu.edu/Buss/12month1,,,,,,,,,
130BIT,Combinatorial problem,,,Combinatorial problem,,,,,Unweighted,"Quadratic sieve; factoring a 130bit number. D. Priebel, Tenn. Tech Univ",https://www.cise.ufl.edu/research/sparse/matrices/Priebel/130bit.html,,,,,,,,,
144,undirected DIMACS10 set,,SuiteSparse Matrix Collectionn,undirected graph,,,,,unweighted,DIMACS10 set,https://www.cise.ufl.edu/research/sparse/matrices/DIMACS10/144.html,,,,,,,,,
145bit,Combinatorial Problem,,SuiteSparse Matrix Collectionn,combinatorial problem,,,,,Unweighted,"Quadratic sieve; factoring a 145bit number. D. Priebel, Tenn. Tech Univ",https://www.cise.ufl.edu/research/sparse/matrices/Priebel/145bit.html,,,,,,,,,
162bit,Combinatorial Problem,,SuiteSparse Matrix Collection,combinatorial problem,,,,,Unweighted,"Quadratic sieve; factoring a 162bit number. D. Priebel, Tenn. Tech Univ",https://sparse.tamu.edu/Priebel/162bit,,,,,,,,,
176bit,Combinatorial Problem,,SuiteSparse Matrix Collectionn,combinatorial problem,,,,,Unweighted,"Quadratic sieve; factoring a 176bit number. D. Priebel, Tenn. Tech Univ",https://www.cise.ufl.edu/research/sparse/matrices/Priebel/176bit.html,,,,,,,,,
192bit,Combinatorial Problem,,SuiteSparse Matrix Collectionn,combinatorial problem,,,,,Unweighted,"Quadratic sieve; factoring a 192bit number. D. Priebel, Tenn. Tech Univ",https://www.cise.ufl.edu/research/sparse/matrices/Priebel/192bit.html,,,,,,,,,
208bit,Combinatorial Problem,,SuiteSparse Matrix Collection,combinatorial problem,,,,,Unweighted,"Quadratic sieve; factoring a 208bit number. D. Priebel, Tenn. Tech Uni",https://sparse.tamu.edu/Priebel/208bit,,,,,,,,,
2D-27628-bjtcai,Semiconductor Device Problem,,SuiteSparse Matrix Collection,"semiconductor device problem, weighted network",,,,,Weighted,"Olaf Schenk, Univ. Basel",https://sparse.tamu.edu/Schenk_IBMSDS/2D_27628_bjtcai,,,,,,,,,
2D-54019-highK,Semiconductor Device Problem,,SuiteSparse Matrix Collection,"semiconductor device problem, weighted network",,,,,Weighted,"Olaf Schenk, Univ. Basel",https://sparse.tamu.edu/Schenk_IBMSDS/2D_54019_highK,,,,,,,,,
2cubes-sphere,Electromagnetics Problem,,SuiteSparse Matrix Collection,"electromagnetics problem, weighted network",,,,,Weighted,"FEM, electromagnetics, 2 cubes in a sphere. Evan Um, Geophysics, Stanford",https://sparse.tamu.edu/Um/2cubes_sphere,,,,,,,,,
3D-28984-TETRA,Semiconductor Device Problem,,,"semiconductor device problem, weighted network",,,,,Weighted,"Olaf Schenk, Univ. Basel",,,,,,,,,,
3D-51448-3D,Semiconductor Device Problem,,,"semiconductor device problem, weighted network",,,,,Weighted,"Olaf Schenk, Univ. Basel",,,,,,,,,,
3Dspectralwave,Materials Problem,,SuiteSparse Matrix Collectionn,"materials problem, weighted network",,,,,Weighted,"3-D spectral-element elastic wave modelling in freq. domain, C. Sinclair, Univ. Adelaide",https://www.cise.ufl.edu/research/sparse/matrices/Sinclair/3Dspectralwave.html,,,,,,,,,
3Dspectralwave2,Materials Problem,,SuiteSparse Matrix Collectionn,"materials problem, weighted network",,,,,Weighted,"3-D spectral-element elastic wave modelling in freq. domain, C. Sinclair, Univ. Adelaide",https://www.cise.ufl.edu/research/sparse/matrices/Sinclair/3Dspectralwave2.html,,,,,,,,,
3Dtube,Computational Fluid Dynamics Problem,,SuiteSparse Matrix Collectionn,computational fluid dynamics problem,,,,,Unweighted,3-D pressure tube,https://www.cise.ufl.edu/research/sparse/matrices/Rothberg/3dtube.html,,,,,,,,,
3elt,2D/3D Problem,,SuiteSparse Matrix Collectionn,2D/3D Problem,,,,,Unweighted,2D finite element problem,https://www.cise.ufl.edu/research/sparse/matrices/AG-Monien/3elt.html,,,,,,,,,
3elt-dual,2D/3D Problem,,SuiteSparse Matrix Collectionn,2D/3D Problem,,,,,Unweighted,2D finite element problem,,,,,,,,,,
494-bus,Power Network Problem,,SuiteSparse Matrix Collectionn,"power network problem, weighted network",,,,,Weighted,"S ADMITTANCE MATRIX 494 BUS POWER SYSTEM, D.J.TYLAVSKY, JULY 1985.",https://www.cise.ufl.edu/research/sparse/matrices/HB/494_bus.html,,,,,,,,,
598a,Undirected Graph,,SuiteSparse Matrix Collectionn,undirected graph,,,,,Unweighted,DIMACS10 set,https://www.cise.ufl.edu/research/sparse/matrices/DIMACS10/598a.html,,,,,,,,,
662-bus,Power Network Problem,,SuiteSparse Matrix Collectionn,"power network problem, weighted network",,,,,Weighted,"S ADMITTANCE MATRIX 662 BUS POWER SYSTEM, D.J.TYLAVSKY, JULY 1985.",https://www.cise.ufl.edu/research/sparse/matrices/HB/662_bus.html,10.1109/59.99398,,,,,,,,
Benzene,Theoretical/quantum chemistry problem,,,"theoretical/quantum chemistry problem, weighted network",,,,,Weighted,Real-space pesydopotential method,https://www.cise.ufl.edu/research/sparse/matrices/PARSEC/Na5.html,,,,,,,,,
ABACUS-SHELL-HD,Model Reduction Problem,,,"Model reduction problem, weighted network",,,,,Weighted,ABAQUS benchmark,,,,,,,,,,
ABACUS-shell-ld,Model Reduction Problem,,,"Model reduction problem, weighted network",,,,,Weighted,ABAQUS benchmark,,,,,,,,,,
ABACUS-shell-md,Model Reduction Problem,,,"Model reduction problem, weighted network",,,,,Weighted,ABAQUS benchmark,,,,,,,,,,
ABACUS-shell-ud,Model Reduction Problem,,,"Model reduction problem, weighted network",,,,,Weighted,ABAQUS benchmark,,,,,,,,,,
ASIC-100k,Circuit Simulation Problem,,,"Circuit simulation problem, weighted network",,,,,Weighted,"Sandia, Xyce circuit simulation matrix (stripped)",,,,,,,,,,
ASIC-100ks,Circuit Simulation Problem,,,"Circuit simulation problem, weighted network",,,,,Weighted,"Sandia, Xyce circuit simulation matrix (base)",,,,,,,,,,
ASIC-320k,Circuit Simulation Problem,,,"Circuit simulation problem, weighted network",,,,,Weighted,"Sandia, Xyce circuit simulation matrix (stripped)",,,,,,,,,,
ASIC-320ks,Circuit Simulation Problem,,,"Circuit simulation problem, weighted network",,,,,Weighted,"Sandia, Xyce circuit simulation matrix (base)",,,,,,,,,,
ASIC-680k,Circuit Simulation Problem,,,"Circuit simulation problem, weighted network",,,,,Weighted,"Sandia, Xyce circuit simulation matrix (stripped)",,,,,,,,,,
ASIC-680ks,Circuit Simulation Problem,,,"Circuit simulation problem, weighted network",,,,,Weighted,"Sandia, Xyce circuit simulation matrix (base)",,,,,,,,,,
Alemdar,2D/3D Problem,,SuiteSparse Matrix Collection,"2D/3D Problem, weighted network",,,,,Weighted,"Finite-element matrix from Bulent Alemdar, RAM International.",https://sparse.tamu.edu/Alemdar/Alemdar,10.1061/(ASCE)0733-9445(2005)131:12(1811),,,,,,,,
Andrews,Computer Graphics/Vision Problem,,SuiteSparse Matrix Collection,"Computer graphics/vision problem, weighted network",,,,,Weighted,"Eigenvalue problem, Stuart Andrews, Brown Univ. stu@cs.brown.edu",https://sparse.tamu.edu/Andrews/Andrews,10.1145/584993.585032,,,,,,,,
Baumann,,,,,,,,,,,,,,,,,,,,
BenElechi1,2D/3D Problem,,SuiteSparse Matrix Collectionn,"2D/3D Problem, weighted network",,,,,Weighted,"problem with many sparse right-hand sides, S. Ben Elechi",https://www.cise.ufl.edu/research/sparse/matrices/BenElechi/BenElechi1.html,,,,,,,,,
CAG-MAT1916,Combinatorial Problem,,SuiteSparse Matrix Collectionn,"combinatorial problem, weighted network",,,,,Weighted,"CAG matrix set from Michael Monagan, Simon Fraser Univ., Canada",https://www.cise.ufl.edu/research/sparse/matrices/JGD_CAG/CAG_mat72.html,,,,,,,,,
CAG-MAT364,Combinatorial Problem,,SuiteSparse Matrix Collectionn,"combinatorial problem, weighted network",,,,,Weighted,"CAG matrix set from Michael Monagan, Simon Fraser Univ., Canada",https://www.cise.ufl.edu/research/sparse/matrices/JGD_CAG/CAG_mat364.html,,,,,,,,,
California,Directed Graph,,,Directed Graph,,,,,Unweighted,Pajek network,"""https://www.cise.ufl.edu/research/sparse/matrices/Pajek/California.html""",,,,,,,,,
Chebyshev1,Structural Problem,,SuiteSparse Matrix Collectionn,"Structural problem, weighted network",,,,,Weighted,"Integration matrix, Chebyshev method, 4th order semilinear initial BVP",https://www.cise.ufl.edu/research/sparse/matrices/Muite/Chebyshev1.html,10.1016/j.cam.2009.12.029,,,,,,,,
Chebyshev2,Structural Problem,,SuiteSparse Matrix Collectionn,"Structural problem, weighted network",,,,,Weighted,"Integration matrix, Chebyshev method, 4th order semilinear initial BVP",https://www.cise.ufl.edu/research/sparse/matrices/Muite/Chebyshev2.html,10.1016/j.cam.2009.12.029,,,,,,,,
Chebyshev3,Structural Problem,,SuiteSparse Matrix Collectionn,"Structural problem, weighted network",,,,,Weighted,"Integration matrix, Chebyshev method, 4th order semilinear initial BVP",https://www.cise.ufl.edu/research/sparse/matrices/Muite/Chebyshev3.html,10.1016/j.cam.2009.12.029,,,,,,,,
Chebyshev4,Structural Problem,,SuiteSparse Matrix Collectionn,"Structural problem, weighted network",,,,,Weighted,"Integration matrix, Chebyshev method, 4th order semilinear initial BVP",https://www.cise.ufl.edu/research/sparse/matrices/Muite/Chebyshev4.html,10.1016/j.cam.2009.12.029,,,,,,,,
Chem97Zt,Statistical/mathematical problem,,SuiteSparse Matrix Collectionn,"Statistical/mathematical problem, weighted networks",,,,,Unweighted,"Mixed-effects model from D. Bates, Univ. Wisc.",https://www.cise.ufl.edu/research/sparse/matrices/Bates/Chem97Zt.html,,,,,,,,,
Chem97ZtZ,Statistical/mathematical problem,,SuiteSparse Matrix Collectionn,"Statistical/mathematical problem, weighted networks",,,,,Weighted ,Mixed Effects Model,"""https://www.cise.ufl.edu/research/sparse/matrices/Bates/Chem97ZtZ.html""",,,,,,,,,
Cities,Weighted Bipartite Graph,,,,,,,,Weighted,Pajek network,"""https://sparse.tamu.edu/Pajek/Cities""",,,,,,,,,
D6-6,Combinatorial Problem,,,"Combinatorial problem, weighted network ",,,,,Weighted ,Simplicial complexes from Homology,"""https://sparse.tamu.edu/JGD_Homology/D6-6""",,,,,,,,,
DK01R,Computational Fluid Dynamics Problem,,SuiteSparse Matrix Collectionn,"Computational fluid dynamics problem, weighted network",,,,,Weighted,DK01R,https://www.cise.ufl.edu/research/sparse/matrices/Fluorem/DK01R.html,https://www.researchgate.net/profile/Francois_Pacull2/publication/269137806_A_Study_of_ILU_Factorization_for_Schwarz_Preconditioners_with_Application_to_Computational_Fluid_Dynamics/links/55bb7d7d08ae092e96609519.pdf,,,,,,,,
D-10,Combinatorial Problem,,,"Combinatorial problem, weighted network ",,,,,Weighted,Differentials of the Voronoi complex of perfect forms,https://arxiv.org/abs/1001.0789,10.1016/j.aim.2013.06.014,,,,,,,,
D-11,Combinatorial Problem,,,"Combinatorial problem, weighted network ",,,,,Weighted,Differentials of the Voronoi complex of perfect forms,https://arxiv.org/abs/1001.0789,10.1016/j.aim.2013.06.014,,,,,,,,
D-5,Combinatorial Problem,,,"Combinatorial problem, weighted network ",,,,,Weighted,Differentials of the Voronoi complex of perfect forms,https://arxiv.org/abs/1001.0790,10.1016/j.aim.2013.06.015,,,,,,,,
D-6,Combinatorial Problem,,,"Combinatorial problem, weighted network ",,,,,Weighted,Differentials of the Voronoi complex of perfect forms,https://arxiv.org/abs/1001.0791,10.1016/j.aim.2013.06.016,,,,,,,,
D-7,Combinatorial Problem,,,"Combinatorial problem, weighted network ",,,,,Weighted,Differentials of the Voronoi complex of perfect forms,https://arxiv.org/abs/1001.0792,10.1016/j.aim.2013.06.017,,,,,,,,
D-8,Combinatorial Problem,,,"Combinatorial problem, weighted network ",,,,,Weighted,Differentials of the Voronoi complex of perfect forms,https://arxiv.org/abs/1001.0793,10.1016/j.aim.2013.06.018,,,,,,,,
D-9,Combinatorial Problem,,,"Combinatorial problem, weighted network ",,,,,Weighted,Differentials of the Voronoi complex of perfect forms,https://arxiv.org/abs/1001.0794,10.1016/j.aim.2013.06.019,,,,,,,,
Dubcova1,2D/3D Problem,,SuiteSparse Matrix Collectionn,"2D/3D Problem, weighted network ",,,,,Weighted,"Univ. Texas at El Paso, from a PDE solver",https://www.cise.ufl.edu/research/sparse/matrices/UTEP/Dubcova1.html,10.1007/s00607-012-0243-7,,,,,,,,
Dubcova2,2D/3D Problem,,SuiteSparse Matrix Collectionn,"2D/3D Problem, weighted network ",,,,,Weighted,"Univ. Texas at El Paso, from a PDE solver",https://www.cise.ufl.edu/research/sparse/matrices/UTEP/Dubcova2.html,10.1080/02726340903485257,,,,,,,,
Dubcova3,2D/3D Problem,,SuiteSparse Matrix Collectionn,"2D/3D Problem, weighted network ",,,,,Weighted,"Univ. Texas at El Paso, from a PDE solver",https://www.cise.ufl.edu/research/sparse/matrices/UTEP/Dubcova3.html,,,,,,,,,
EAT-RS,Directed Weighted Graph,,,"Directed weighted graph, weighted network",,,,,Weighted,Pajek network,http://vlado.fmf.uni-lj.si/pub/networks/data/dic/eat/Eat.htm,,,,,,,,,
EAT-SR,Directed Weighted Graph,,,"Directed weighted graph, weighted network",,,,,Weighted,Pajek network,http://vlado.fmf.uni-lj.si/pub/networks/data/dic/eat/Eat.htm,,,,,,,,,
EPA,Directed Graph,,SuiteSparse Matrix Collectionn,Directed graph,,,,,Unweighted,Pajek network,https://www.cise.ufl.edu/research/sparse/matrices/Pajek/EPA.html,,,,,,,,,
ESOC,Least Squares Problem,,SuiteSparse Matrix Collection,"Least squares problem, weighted network",,,,,Weighted,European Space Operations Center orbit estimates,https://www.cise.ufl.edu/research/sparse/matrices/Springer/ESOC.html,,,,,,,,,
EVA,Directed Graph,,,Directed graph,,,,,Unweighted,Pajek network,http://denali.berkeley.edu/eva/,10.1504/IJTPM.2007.012237,,,,,,,,
EX1,Combinatorial Problem,,SuiteSparse Matrix Collectionn,Combinatorial problem ,,,,,Unweighted,"Symmetric powers of graphs from Gordon Royle, Univ Western Australia",https://www.cise.ufl.edu/research/sparse/matrices/JGD_SPG/EX1.html,,,,,,,,,
EX2,Combinatorial Problem,,SuiteSparse Matrix Collectionn,Combinatorial problem ,,,,,Unweighted,"Symmetric powers of graphs from Gordon Royle, Univ Western Australia",https://www.cise.ufl.edu/research/sparse/matrices/JGD_SPG/EX2.html,,,,,,,,,
EX4,Combinatorial Problem,,SuiteSparse Matrix Collectionn,Combinatorial problem ,,,,,Unweighted,"Symmetric powers of graphs from Gordon Royle, Univ Western Australia",https://sparse.tamu.edu/JGD_SPG/EX4,,,,,,,,,
EX5,Combinatorial Problem,,SuiteSparse Matrix Collectionn,Combinatorial problem ,,,,,Unweighted,"Symmetric powers of graphs from Gordon Royle, Univ Western Australia",https://sparse.tamu.edu/JGD_SPG/EX5,,,,,,,,,
EX6,Combinatorial Problem,,SuiteSparse Matrix Collectionn,Combinatorial problem ,,,,,Unweighted,"Symmetric powers of graphs from Gordon Royle, Univ Western Australia",https://sparse.tamu.edu/JGD_SPG/EX6,,,,,,,,,
Emilia-923,Structural Problem,,SuiteSparse Matrix Collectionn,"Structural problem, weighted network",,,,,Weighted,geomechanical model for C02 sequestration,https://www.cise.ufl.edu/research/sparse/matrices/Janna/Emilia_923.html,,,,,,,,,
Erdos02,Undirected Graph,,SuiteSparse Matrix Collectionn,Undirected graph,,,,,Unweighted,Pajek network,https://www.cise.ufl.edu/research/sparse/matrices/Pajek/Erdos02.html,,,,,,,,,
Erdos971,Undirected Graph,,SuiteSparse Matrix Collectionn,Undirected graph,,,,,Unweighted,Pajek network,https://www.cise.ufl.edu/research/sparse/matrices/Pajek/Erdos971.html,,,,,,,,,
Erdos972,Undirected Graph,,SuiteSparse Matrix Collectionn,undirected graph,,,,,Unweighted,Pajek network,"""https://www.cise.ufl.edu/research/sparse/matrices/Pajek/Erdos972.html""",10.1016/S0378-8733(00)00023-X,,,,,,,,
Erdos981,Undirected Graph,,SuiteSparse Matrix Collectionn,Undirected graph,,,,,Unweighted,Pajek network,https://www.cise.ufl.edu/research/sparse/matrices/Pajek/Erdos981.html,,,,,,,,,
Erdos982,Undirected Graph,,SuiteSparse Matrix Collectionn,Undirected graph,,,,,Unweighted,Pajek network,https://www.cise.ufl.edu/research/sparse/matrices/Pajek/Erdos982.html,,,,,,,,,
Erdos991,Undirected Graph,,SuiteSparse Matrix Collectionn,Undirected graph,,,,,Unweighted,Pajek network,https://www.cise.ufl.edu/research/sparse/matrices/Pajek/Erdos991.html,,,,,,,,,
Erdos992,Undirected Graph,,SuiteSparse Matrix Collectionn,Undirected graph,,,,,Unweighted,Pajek network,https://www.cise.ufl.edu/research/sparse/matrices/Pajek/Erdos992.html,,,,,,,,,
EternityII-A,Optimization Problem,,SuiteSparse Matrix Collectionn,"Optimization problem, weighted network",,,,,Weighted,Dattorro Convex Optimization of Eternity II (smallest system),https://www.cise.ufl.edu/research/sparse/matrices/Dattorro/EternityII_A.html,,,,,,,,,
EternityII-E,Optimization Problem,,,"Optimization problem, weighted network",,,,,Weighted,Dattorro Convex Optimization of Eternity II (first reduction),,,,,,,,,,
EternityII-Etilde,Optimization Problem,,,"Optimization problem, weighted network",,,,,Weighted,Dattorro Convex Optimization of Eternity II (second reduction),,,,,,,,,,
F1,Structural Problem,,SuiteSparse Matrix Collectionn,"Structural problem, weighted network",,,,,Weighted,"Matrix from Panagiotis Koutsovasilis, Technische Universita("")t Dresden",https://www.cise.ufl.edu/research/sparse/matrices/Koutsovasilis/F1.html,,,,,,,,,
F2,Structural Problem,,SuiteSparse Matrix Collectionn,"Structural problem, weighted network",,,,,Weighted,"AUDI engine piston rod; Panos Koutsovasilis, Technische Univ. Dresden",https://www.cise.ufl.edu/research/sparse/matrices/Koutsovasilis/F2.html,,,,,,,,,
FA,Directed Weighted Graph,,SuiteSparse Matrix Collectionn,"Directed weighted graph, weighted network",,,,,Weighted,Pajek network,https://www.cise.ufl.edu/research/sparse/matrices/Pajek/FA.html,,,,,,,,,
FEM-3D-thermal1,Thermal Problem,,SuiteSparse Matrix Collectionn,"Thermal problem, weighted network",,,,,Weighted,"FEM 3D nonlinear thermal problem, 8-node bricks as volume elements",https://www.cise.ufl.edu/research/sparse/matrices/Botonakis/FEM_3D_thermal1.html,,,,,,,,,
FEM-3D-thermal2,Thermal Problem,,SuiteSparse Matrix Collectionn,"Thermal problem, weighted network",,,,,Weighted,"FEM 3D nonlinear thermal problem, 8-node bricks as volume elements",https://www.cise.ufl.edu/research/sparse/matrices/Botonakis/FEM_3D_thermal2.html,,,,,,,,,
Fault-639,Structural Problem,,SuiteSparse Matrix Collectionn,"Structural problem, weighted network",,,,,Weighted,contact mechanics for model of a faulted gas reservoir,https://www.cise.ufl.edu/research/sparse/matrices/Janna/Fault_639.html,,,,,,,,,
Flan-1565,Structural Problem,,SuiteSparse Matrix Collectionn,"Structural problem, weighted network",,,,,Weighted,"3D model of a steel flange, hexahedral finite elements",https://www.cise.ufl.edu/research/sparse/matrices/Janna/Flan_1565.html,,,,,,,,,
Franz1,Combinatorial Problem,,SuiteSparse Matrix Collectionn,"Combinatorial problem, weighted network ",,,,,Weighted,"Cohomology of various rings, from Matthias Franz, Univ. Konstanz, Germany",https://www.cise.ufl.edu/research/sparse/matrices/JGD_Franz/Franz1.html,10.1134/S008154380601007X,,,,,,,,
Franz10,Combinatorial Problem,,SuiteSparse Matrix Collectionn,"Combinatorial problem, weighted network ",,,,,Weighted,"Cohomology of various rings, from Matthias Franz, Univ. Konstanz, Germany",https://www.cise.ufl.edu/research/sparse/matrices/JGD_Franz/Franz10.html,10.1134/S008154380601007X,,,,,,,,
Franz11,Combinatorial Problem,,SuiteSparse Matrix Collectionn,"Combinatorial problem, weighted network ",,,,,Weighted,"Cohomology of various rings, from Matthias Franz, Univ. Konstanz, Germany",https://www.cise.ufl.edu/research/sparse/matrices/JGD_Franz/Franz11.html,10.1134/S008154380601007X,,,,,,,,
Franz2,Combinatorial Problem,,SuiteSparse Matrix Collectionn,"Combinatorial problem, weighted network ",,,,,Weighted,"Cohomology of various rings, from Matthias Franz, Univ. Konstanz, Germany",https://www.cise.ufl.edu/research/sparse/matrices/JGD_Franz/Franz2.html,10.1134/S008154380601007X,,,,,,,,
Franz3,Combinatorial Problem,,SuiteSparse Matrix Collectionn,"Combinatorial problem, weighted network ",,,,,Weighted,"Cohomology of various rings, from Matthias Franz, Univ. Konstanz, Germany",https://www.cise.ufl.edu/research/sparse/matrices/JGD_Franz/Franz3.html,10.1134/S008154380601007X,,,,,,,,
Franz4,Combinatorial Problem,,SuiteSparse Matrix Collectionn,"Combinatorial problem, weighted network ",,,,,Weighted,"Cohomology of various rings, from Matthias Franz, Univ. Konstanz, Germany",https://www.cise.ufl.edu/research/sparse/matrices/JGD_Franz/Franz4.html,10.1134/S008154380601007X,,,,,,,,
Franz5,Combinatorial Problem,,SuiteSparse Matrix Collectionn,"Combinatorial problem, weighted network ",,,,,Weighted,"Cohomology of various rings, from Matthias Franz, Univ. Konstanz, Germany",https://www.cise.ufl.edu/research/sparse/matrices/JGD_Franz/Franz5.html,10.1134/S008154380601007X,,,,,,,,
Franz6,Combinatorial Problem,,SuiteSparse Matrix Collectionn,"Combinatorial problem, weighted network ",,,,,Weighted,"Cohomology of various rings, from Matthias Franz, Univ. Konstanz, Germany",https://www.cise.ufl.edu/research/sparse/matrices/JGD_Franz/Franz6.html,10.1134/S008154380601007X,,,,,,,,
Franz7,Combinatorial Problem,,SuiteSparse Matrix Collectionn,"Combinatorial problem, weighted network ",,,,,Weighted,"Cohomology of various rings, from Matthias Franz, Univ. Konstanz, Germany",https://www.cise.ufl.edu/research/sparse/matrices/JGD_Franz/Franz7.html,10.1134/S008154380601007X,,,,,,,,
Franz8,Combinatorial Problem,,SuiteSparse Matrix Collectionn,"Combinatorial problem, weighted network ",,,,,Weighted,"Cohomology of various rings, from Matthias Franz, Univ. Konstanz, Germany",https://www.cise.ufl.edu/research/sparse/matrices/JGD_Franz/Franz8.html,10.1134/S008154380601007X,,,,,,,,
Franz9,Combinatorial Problem,,SuiteSparse Matrix Collectionn,"Combinatorial problem, weighted network ",,,,,Weighted,"Cohomology of various rings, from Matthias Franz, Univ. Konstanz, Germany",https://www.cise.ufl.edu/research/sparse/matrices/JGD_Franz/Franz9.html,10.1134/S008154380601007X,,,,,,,,
Freescale1,Circuit Simulation Problem,,SuiteSparse Matrix Collectionn,"Circuit simulation Problem, weighted",,,,,Weighted,"circuit problem from K. Gullapalli, Freescale Semiconductor",https://www.cise.ufl.edu/research/sparse/matrices/Freescale/Freescale1.html,,,,,,,,,
FullChip,Circuit Simulation Problem,,,"Circuit Simulation Problem, weighted",,,,,Weighted,Circuit Simulation,https://www.cise.ufl.edu/research/sparse/matrices/Freescale/FullChip.html,10.1007/978-94-007-0149-6_2,,,,,,,,
G2-Circuit,Circuit Simulation Problem,,,"Circuit simulation problem, weighted",,,,,Weighted,"circuit simulation problem, Ufuk Okuyucu, AMD, Inc.",https://www.cise.ufl.edu/research/sparse/matrices/AMD/G2_circuit.html,,,,,,,,,
G3-circuit,Circuit Simulation Problem,,SuiteSparse Matrix Collectionn,"Circuit simulation problem, weighted",,,,,Weighted,"circuit simulation problem, Ufuk Okuyucu, AMD, Inc.",https://www.cise.ufl.edu/research/sparse/matrices/AMD/G3_circuit.html,10.1145/1916461.1916464,,,,,,,,
GD00-a,Directed Graph,,Pajek Graph Drawing Contest,Directed graph,,,,,Unweighted,Pajek network,http://vlado.fmf.uni-lj.si/pub/gd/gd00.htm,,,,,,,,,
GD00-c,Directed Graph,,Pajek Graph Drawing Contest,"Directed graph, weighted network",,,,,Weighted,Pajek network,http://vlado.fmf.uni-lj.si/pub/gd/gd00.htm,,,,,,,,,
GD01-b,Directed Graph,,Pajek Graph Drawing Contest,Directed graph,,,,,Unweighted,Pajek network,http://vlado.fmf.uni-lj.si/pub/gd/gd01.htm,,,,,,,,,
GD01-c,Directed Graph,,Pajek Graph Drawing Contest,"Directed graph, weighted network",,,,,Weighted,Pajek network,http://vlado.fmf.uni-lj.si/pub/gd/gd01.htm,,,,,,,,,
GD02-a,Directed Graph,,Pajek Graph Drawing Contest,Directed graph,,,,,Unweighted,Pajek network,http://vlado.fmf.uni-lj.si/pub/networks/data/gd/gd.htm,,,,,,,,,
GD02-b,Directed Graph,,Pajek Graph Drawing Contest,Directed graph,,,,,Unweighted,Pajek network,http://vlado.fmf.uni-lj.si/pub/networks/data/gd/gd.htm,,,,,,,,,
GD06-Java,Directed Graph,,Pajek Graph Drawing Contest,Directed graph,,,,,Unweighted,Pajek network,,,,,,,,,,
GD-06-theory,Undirected Graph,,Pajek Graph Drawing Contest,Undirected graph,,,,,Unweighted,Pajek network,,,,,,,,,,
GD95-A,Directed Graph,,Pajek Graph Drawing Contest,Directed graph,,,,,Unweighted,Pajek network,http://vlado.fmf.uni-lj.si/pub/gd/gd95.htm,,,,,,,,,
GD95-B,Directed Graph,,Pajek Graph Drawing Contest,Directed graph,,,,,Unweighted,Pajek network,http://vlado.fmf.uni-lj.si/pub/gd/gd95.htm,,,,,,,,,
GD95-C,Directed Graph,,Pajek Graph Drawing Contest,Directed graph,,,,,Unweighted,Pajek network,http://vlado.fmf.uni-lj.si/pub/gd/gd95.htm,,,,,,,,,
GD96-A,Directed Multigraph,,Pajek Graph Drawing Contest,"Directed multigraph, weighted network",,,,,Weighted ,Pajek network,http://vlado.fmf.uni-lj.si/pub/gd/gd96.htm,,,,,,,,,
GD96-B,Directed Graph,,Pajek Graph Drawing Contest,Directed graph,,,,,Unweighted,Pajek network,http://vlado.fmf.uni-lj.si/pub/gd/gd96.htm,,,,,,,,,
GD96-C,Undirected Graph,,Pajek Graph Drawing Contest,Undirected graph,,,,,Unweighted,Pajek network,http://vlado.fmf.uni-lj.si/pub/gd/gd96.htm,,,,,,,,,
GD96-D,Directed Graph,,Pajek Graph Drawing Contest,Directed graph,,,,,Unweighted,Pajek network,http://vlado.fmf.uni-lj.si/pub/gd/gd96.htm,,,,,,,,,
GD97-A,Directed Graph,,Pajek Graph Drawing Contest,Directed graph,,,,,Unweighted,Pajek network,http://vlado.fmf.uni-lj.si/pub/gd/gd97.htm,,,,,,,,,
GD97-B,Undirected Weighted Graph,,Pajek Graph Drawing Contest,"Undirected weighted graph, weighted network",,,,,Weighted,Pajek network,http://vlado.fmf.uni-lj.si/pub/gd/gd97.htm,,,,,,,,,
GD97-C,Directed Multigraph,,Pajek Graph Drawing Contest,"Directed multigraph, weighted network",,,,,Weighted,Pajek network,http://vlado.fmf.uni-lj.si/pub/gd/gd97.htm,,,,,,,,,
GD98-A,Directed Graph,,Pajek Graph Drawing Contest,Directed graph,,,,,Unweighted,Pajek network,http://vlado.fmf.uni-lj.si/pub/gd/gd98.htm,,,,,,,,,
GD98-B,Directed Graph,,Pajek Graph Drawing Contest,Directed graph,,,,,Unweighted,Pajek network,http://vlado.fmf.uni-lj.si/pub/gd/gd98.htm,,,,,,,,,
GD98-C,Undirected Graph,,Pajek Graph Drawing Contest,Undirected graph,,,,,Unweighted,Pajek network,http://vlado.fmf.uni-lj.si/pub/gd/gd98.htm,,,,,,,,,
GD99-B,Undirected Multigraph,,Pajek Graph Drawing Contest,"Undirected multigraph, weighted network",,,,,Weighted,Pajek network,http://vlado.fmf.uni-lj.si/pub/gd/gd99.htm,,,,,,,,,
GD99-C,Directed Graph,,Pajek Graph Drawing Contest,Directed graph,,,,,Unweighted,Pajek network,http://vlado.fmf.uni-lj.si/pub/gd/gd99.htm,,,,,,,,,
GL6-D-10,Combinatorial Problem,,,"Combinatorial Problem, weighted network",,,,,Weighted,"Differentials of the Voronoi complex of perfect forms of rank 6 mod GL_6(Z),",https://arxiv.org/abs/1001.0789,,,,,,,,,
GL6-D-6,Combinatorial problem,,,"Combinatorial Problem, weighted network",,,,,Weighted,"Differentials of the Voronoi complex of perfect forms of rank 6 mod GL_6(Z),",https://arxiv.org/abs/1001.0789,,,,,,,,,
GL6-D-7,Combinatorial problem,,,"Combinatorial Problem, weighted network",,,,,Weighted,"Differentials of the Voronoi complex of perfect forms of rank 6 mod GL_6(Z),",https://arxiv.org/abs/1001.0789,,,,,,,,,
GL6-D-8,Combinatorial problem,,,"Combinatorial Problem, weighted network",,,,,Weighted,"Differentials of the Voronoi complex of perfect forms of rank 6 mod GL_6(Z),",https://arxiv.org/abs/1001.0789,,,,,,,,,
GL6-D-9,Combinatorial problem,,,"Combinatorial Problem, weighted network",,,,,Weighted,"Differentials of the Voronoi complex of perfect forms of rank 6 mod GL_6(Z),",https://arxiv.org/abs/1001.0789,,,,,,,,,
GL7d10,Combinatorial problem,,SuiteSparse Matrix Collectionn,"Combinatorial problem, weighted network",,,,,Weighted,Differentials of the Voronoi complex of perfect forms of rank 7 mod GL_7(Z),https://www.cise.ufl.edu/research/sparse/matrices/JGD_GL7d/GL7d10.html,10.1145/1278177.1278186,,,,,,,,
GL7d11,Combinatorial problem,,SuiteSparse Matrix Collectionn,"Combinatorial problem, weighted network",,,,,Weighted,Differentials of the Voronoi complex of perfect forms of rank 7 mod GL_7(Z),https://www.cise.ufl.edu/research/sparse/matrices/JGD_GL7d/GL7d11.html,10.1145/1278177.1278186,,,,,,,,
GL7d12,Combinatorial problem,,SuiteSparse Matrix Collectionn,"Combinatorial problem, weighted network",,,,,Weighted,Differentials of the Voronoi complex of perfect forms of rank 7 mod GL_7(Z),https://www.cise.ufl.edu/research/sparse/matrices/JGD_GL7d/GL7d12.html,10.1145/1278177.1278186,,,,,,,,
GL7d13,Combinatorial problem,,SuiteSparse Matrix Collectionn,"Combinatorial problem, weighted network",,,,,Weighted,Differentials of the Voronoi complex of perfect forms of rank 7 mod GL_7(Z),https://www.cise.ufl.edu/research/sparse/matrices/JGD_GL7d/GL7d13.html,10.1145/1278177.1278186,,,,,,,,
GL7d14,Combinatorial problem,,SuiteSparse Matrix Collectionn,"Combinatorial problem, weighted network",,,,,Weighted,Differentials of the Voronoi complex of perfect forms of rank 7 mod GL_7(Z),https://www.cise.ufl.edu/research/sparse/matrices/JGD_GL7d/GL7d14.html,10.1145/1278177.1278186,,,,,,,,
GL7d15,Combinatorial problem,,SuiteSparse Matrix Collectionn,"Combinatorial problem, weighted network",,,,,Weighted,Differentials of the Voronoi complex of perfect forms of rank 7 mod GL_7(Z),https://www.cise.ufl.edu/research/sparse/matrices/JGD_GL7d/GL7d15.html,10.1145/1278177.1278186,,,,,,,,
GL7d16,Combinatorial problem,,SuiteSparse Matrix Collectionn,"Combinatorial problem, weighted network",,,,,Weighted,Differentials of the Voronoi complex of perfect forms of rank 7 mod GL_7(Z),https://www.cise.ufl.edu/research/sparse/matrices/JGD_GL7d/GL7d16.html,10.1145/1278177.1278186,,,,,,,,
GL7d17,Combinatorial problem,,SuiteSparse Matrix Collectionn,"Combinatorial problem, weighted network",,,,,Weighted,Differentials of the Voronoi complex of perfect forms of rank 7 mod GL_7(Z),https://www.cise.ufl.edu/research/sparse/matrices/JGD_GL7d/GL7d17.html,10.1145/1278177.1278186,,,,,,,,
GL7d18,Combinatorial problem,,SuiteSparse Matrix Collectionn,"Combinatorial problem, weighted network",,,,,Weighted,Differentials of the Voronoi complex of perfect forms of rank 7 mod GL_7(Z),https://www.cise.ufl.edu/research/sparse/matrices/JGD_GL7d/GL7d18.html,10.1145/1278177.1278186,,,,,,,,
GL7d19,Combinatorial problem,,SuiteSparse Matrix Collectionn,"Combinatorial problem, weighted network",,,,,Weighted,Differentials of the Voronoi complex of perfect forms of rank 7 mod GL_7(Z),https://www.cise.ufl.edu/research/sparse/matrices/JGD_GL7d/GL7d19.html,10.1145/1278177.1278186,,,,,,,,
GL7d20,Combinatorial problem,,SuiteSparse Matrix Collectionn,"Combinatorial problem, weighted network",,,,,Weighted,Differentials of the Voronoi complex of perfect forms of rank 7 mod GL_7(Z),https://www.cise.ufl.edu/research/sparse/matrices/JGD_GL7d/GL7d20.html,10.1145/1278177.1278186,,,,,,,,
GL7d21,Combinatorial problem,,SuiteSparse Matrix Collectionn,"Combinatorial problem, weighted network",,,,,Weighted,Differentials of the Voronoi complex of perfect forms of rank 7 mod GL_7(Z),https://www.cise.ufl.edu/research/sparse/matrices/JGD_GL7d/GL7d21.html,10.1145/1278177.1278186,,,,,,,,
GL7d22,Combinatorial problem,,SuiteSparse Matrix Collectionn,"Combinatorial problem, weighted network",,,,,Weighted,Differentials of the Voronoi complex of perfect forms of rank 7 mod GL_7(Z),https://www.cise.ufl.edu/research/sparse/matrices/JGD_GL7d/GL7d22.html,10.1145/1278177.1278186,,,,,,,,
GL7d23,Combinatorial problem,,SuiteSparse Matrix Collection,"Combinatorial problem, weighted network",,,,,Weighted,Differentials of the Voronoi complex of perfect forms of rank 7 mod GL_7(Z),https://sparse.tamu.edu/JGD_GL7d/GL7d23,10.1145/1278177.1278186,,,,,,,,
GL7d24,Combinatorial problem,,SuiteSparse Matrix Collection,"Combinatorial problem, weighted network",,,,,Weighted,Differentials of the Voronoi complex of perfect forms of rank 7 mod GL_7(Z),https://sparse.tamu.edu/JGD_GL7d/GL7d24,10.1145/1278177.1278186,,,,,,,,
GL7d25,Combinatorial problem,,SuiteSparse Matrix Collectionn,"Combinatorial problem, weighted network",,,,,Weighted,Differentials of the Voronoi complex of perfect forms of rank 7 mod GL_7(Z),https://www.cise.ufl.edu/research/sparse/matrices/JGD_GL7d/GL7d25.html,10.1145/1278177.1278186,,,,,,,,
GL7d26,Combinatorial problem,,SuiteSparse Matrix Collectionn,"Combinatorial problem, weighted network",,,,,Weighted,Differentials of the Voronoi complex of perfect forms of rank 7 mod GL_7(Z),https://www.cise.ufl.edu/research/sparse/matrices/JGD_GL7d/GL7d26.html,10.1145/1278177.1278186,,,,,,,,
GT01R,Computational Fluid Dynamics Problem,,SuiteSparse Matrix Collectionn,"Computational fluid dynamics problem, weighted network",,,,,Weighted,GT01R,https://www.cise.ufl.edu/research/sparse/matrices/Fluorem/GT01R.html,https://www.researchgate.net/profile/Francois_Pacull2/publication/269137806_A_Study_of_ILU_Factorization_for_Schwarz_Preconditioners_with_Application_to_Computational_Fluid_Dynamics/links/55bb7d7d08ae092e96609519.pdf,,,,,,,,
Ga10As10H30,Theoretical/quantum Chemistry Problem,,SuiteSparse Matrix Collectionn,"Theoretical/quantum chemistry problem, weighted network",,,,,Weighted,"Real-space pseudopotential method. Zhou, Saad, Tiago, Chelikowsky, Univ MN",https://www.cise.ufl.edu/research/sparse/matrices/PARSEC/Ga10As10H30.html,,,,,,,,,
Ga19As19H42,Theoretical/quantum Chemistry Problem,,SuiteSparse Matrix Collectionn,"Theoretical/quantum chemistry problem, weighted network",,,,,Weighted,"Real-space pseudopotential method. Zhou, Saad, Tiago, Chelikowsky, Univ MN",https://www.cise.ufl.edu/research/sparse/matrices/PARSEC/Ga19As19H42.html,,,,,,,,,
Ga3As3H12,Theoretical/quantum Chemistry Problem,,SuiteSparse Matrix Collectionn,"Theoretical/quantum chemistry problem, weighted network",,,,,Weighted,"Real-space pseudopotential method. Zhou, Saad, Tiago, Chelikowsky, Univ MN",https://www.cise.ufl.edu/research/sparse/matrices/PARSEC/Ga3As3H12.html,,,,,,,,,
Ga41As41H72,Theoretical/quantum Chemistry Problem,,SuiteSparse Matrix Collectionn,"Theoretical/quantum chemistry problem, weighted network",,,,,Weighted,"Real-space pseudopotential method. Zhou, Saad, Tiago, Chelikowsky, Univ MN",https://www.cise.ufl.edu/research/sparse/matrices/PARSEC/Ga41As41H72.html,,,,,,,,,
GaAsH6,Theoretical/quantum Chemistry Problem,,SuiteSparse Matrix Collectionn,"Theoretical/quantum chemistry problem, weighted network",,,,,Weighted,"Real-space pseudopotential method. Zhou, Saad, Tiago, Chelikowsky, Univ MN",https://www.cise.ufl.edu/research/sparse/matrices/PARSEC/GaAsH6.html,,,,,,,,,
Ge87H76,Theoretical/quantum Chemistry Problem,,SuiteSparse Matrix Collectionn,"Theoretical/quantum chemistry problem, weighted network",,,,,Weighted,"Real-space pseudopotential method. Zhou, Saad, Tiago, Chelikowsky, Univ MN",https://www.cise.ufl.edu/research/sparse/matrices/PARSEC/Ge87H76.html,,,,,,,,,
Ge99H100,Theoretical/quantum Chemistry Problem,,SuiteSparse Matrix Collectionn,"Theoretical/quantum chemistry problem, weighted network",,,,,Weighted,"Real-space pseudopotential method. Zhou, Saad, Tiago, Chelikowsky, Univ MN",https://www.cise.ufl.edu/research/sparse/matrices/PARSEC/Ge99H100.html,,,,,,,,,
Geo-1438,Structural Problem,,SuiteSparse Matrix Collectionn,"Structural problem, weighted network",,,,,Weighted,geomechanical model of earth crust with underground deformation,https://www.cise.ufl.edu/research/sparse/matrices/Janna/Geo_1438.html,,,,,,,,,
GlossGT,Directed Graph,,SuiteSparse Matrix Collectionn,Directed graph,,,,,Unweighted,Pajek network,https://www.cise.ufl.edu/research/sparse/matrices/Pajek/GlossGT.html,,,,,,,,,
H2O,Theoretical/quantum Chemistry Problem,,SuiteSparse Matrix Collectionn,"Theoretical/quantum chemistry problem, weighted network",,,,,Weighted,"Real-space pseudopotential method. Zhou, Saad, Tiago, Chelikowsky, Univ MN",https://www.cise.ufl.edu/research/sparse/matrices/PARSEC/H2O.html,,,,,,,,,
HEP-th-new,Directed Graph,,SuiteSparse Matrix Collectionn,Directed graph,,,,,Unweighted,Pajek network,https://www.cise.ufl.edu/research/sparse/matrices/SNAP/cit-HepTh.html,10.1145/1557019.1557127,,,,,,,,
HFE19-96-in,Combinatorial Problem,,,Combinatorial problem,,,,,Unweighted,Groebner basis from Jean-Charles Fauge`res,,,,,,,,,,
HTC-336-4438,Power Network Problem,,SuiteSparse Matrix Collection,"Power network problem, weighted network",,,,,Weighted,"Power simulation matrix, Li Peijie, Inst. of Power Systems, Guangxi Univ.",https://sparse.tamu.edu/IPSO/HTC_336_4438,,,,,,,,,
HTC-336-9129,Power Network Problem,,SuiteSparse Matrix Collectionn,"Power network problem, weighted network",,,,,Weighted,"Power simulation matrix, Li Peijie, Inst. of Power Systems, Guangxi Univ.",https://www.cise.ufl.edu/research/sparse/matrices/IPSO/HTC_336_9129.html,,,,,,,,,
HV15R,,,,,,,,,,,,,,,,,,,,
Hamrle1,Circuit Simulation Problem,,SuiteSparse Matrix Collectionn,"Circuit simulation problem, weighted network",,,,,Weighted,Hamrle/Hamrle1 circuit simulation matrix,https://www.cise.ufl.edu/research/sparse/matrices/Hamrle/Hamrle1.html,,,,,,,,,
Hamrle2,Circuit Simulation Problem,,SuiteSparse Matrix Collectionn,"Circuit simulation problem, weighted network",,,,,Weighted,Hamrle/Hamrle2 circuit simulation matrix,https://www.cise.ufl.edu/research/sparse/matrices/Hamrle/Hamrle2.html,,,,,,,,,
Hamrle3,Circuit Simulation Problem,,SuiteSparse Matrix Collectionn,"Circuit simulation problem, weighted network",,,,,Weighted,Hamrle/Hamrle3 circuit simulation matrix,https://www.cise.ufl.edu/research/sparse/matrices/Hamrle/Hamrle3.html,,,,,,,,,
Harvard500,Directed Graph,,SuiteSparse Matrix Collectionn,Directed graph,,,,,Unweighted,"Web matrix (Numerical Computing with MATLAB, Moler, 2004)",https://www.cise.ufl.edu/research/sparse/matrices/MathWorks/Harvard500.html,,,,,,,,,
Hook-1498,Structural Problem,,SuiteSparse Matrix Collectionn,"Structural problem, weighted network",,,,,Weighted,3D model of a steel hook with tetrahedral finite elements,https://www.cise.ufl.edu/research/sparse/matrices/Janna/Hook_1498.html,,,,,,,,,
IG5-6,Combinatorial Problem,,SuiteSparse Matrix Collectionn,"Combinatorial problem, weighted network",,,,,Weighted,"Decomposable subspaces at degree d of the invariant ring of G5, Nicolas Thiery.",https://www.cise.ufl.edu/research/sparse/matrices/JGD_G5/IG5-6.html,,,,,,,,,
IG5-7,Combinatorial Problem,,SuiteSparse Matrix Collectionn,"Combinatorial problem, weighted network",,,,,Weighted,"Decomposable subspaces at degree d of the invariant ring of G5, Nicolas Thiery.",https://www.cise.ufl.edu/research/sparse/matrices/JGD_G5/IG5-7.html,,,,,,,,,
IG5-8,Combinatorial Problem,,SuiteSparse Matrix Collectionn,"Combinatorial problem, weighted network",,,,,Weighted,"Decomposable subspaces at degree d of the invariant ring of G5, Nicolas Thiery.",https://www.cise.ufl.edu/research/sparse/matrices/JGD_G5/IG5-8.html,,,,,,,,,
IG5-9,Combinatorial Problem,,SuiteSparse Matrix Collectionn,"Combinatorial problem, weighted network",,,,,Weighted,"Decomposable subspaces at degree d of the invariant ring of G5, Nicolas Thiery.",https://www.cise.ufl.edu/research/sparse/matrices/JGD_G5/IG5-9.html,,,,,,,,,
IG5-10,Combinatorial Problem,,SuiteSparse Matrix Collectionn,"Combinatorial problem, weighted network",,,,,Weighted,"Decomposable subspaces at degree d of the invariant ring of G5, Nicolas Thiery.",https://www.cise.ufl.edu/research/sparse/matrices/JGD_G5/IG5-10.html,,,,,,,,,
IG5-11,Combinatorial Problem,,SuiteSparse Matrix Collectionn,"Combinatorial problem, weighted network",,,,,Weighted,"Decomposable subspaces at degree d of the invariant ring of G5, Nicolas Thiery.",https://www.cise.ufl.edu/research/sparse/matrices/JGD_G5/IG5-11.html,,,,,,,,,
IG5-12,Combinatorial Problem,,SuiteSparse Matrix Collectionn,"Combinatorial problem, weighted network",,,,,Weighted,"Decomposable subspaces at degree d of the invariant ring of G5, Nicolas Thiery.",https://www.cise.ufl.edu/research/sparse/matrices/JGD_G5/IG5-12.html,,,,,,,,,
IG5-13,Combinatorial Problem,,SuiteSparse Matrix Collectionn,"Combinatorial problem, weighted network",,,,,Weighted,"Decomposable subspaces at degree d of the invariant ring of G5, Nicolas Thiery.",https://www.cise.ufl.edu/research/sparse/matrices/JGD_G5/IG5-13.html,,,,,,,,,
IG5-14,Combinatorial Problem,,SuiteSparse Matrix Collectionn,"Combinatorial problem, weighted network",,,,,Weighted,"Decomposable subspaces at degree d of the invariant ring of G5, Nicolas Thiery.",https://www.cise.ufl.edu/research/sparse/matrices/JGD_G5/IG5-14.html,,,,,,,,,
IG5-15,Combinatorial Problem,,SuiteSparse Matrix Collectionn,"Combinatorial problem, weighted network",,,,,Weighted,"Decomposable subspaces at degree d of the invariant ring of G5, Nicolas Thiery.",https://www.cise.ufl.edu/research/sparse/matrices/JGD_G5/IG5-15.html,,,,,,,,,
IG5-16,Combinatorial Problem,,SuiteSparse Matrix Collectionn,"Combinatorial problem, weighted network",,,,,Weighted,"Decomposable subspaces at degree d of the invariant ring of G5, Nicolas Thiery.",https://www.cise.ufl.edu/research/sparse/matrices/JGD_G5/IG5-16.html,,,,,,,,,
IG5-17,Combinatorial Problem,,SuiteSparse Matrix Collectionn,"Combinatorial problem, weighted network",,,,,Weighted,"Decomposable subspaces at degree d of the invariant ring of G5, Nicolas Thiery.",https://www.cise.ufl.edu/research/sparse/matrices/JGD_G5/IG5-17.html,,,,,,,,,
IG5-18,Combinatorial Problem,,SuiteSparse Matrix Collectionn,"Combinatorial problem, weighted network",,,,,Weighted,"Decomposable subspaces at degree d of the invariant ring of G5, Nicolas Thiery.",https://www.cise.ufl.edu/research/sparse/matrices/JGD_G5/IG5-18.html,,,,,,,,,
IMDB,Bipartite Graph,,SuiteSparse Matrix Collectionn,Bipartite graph,,,,,Unweighted,Pajek network,https://www.cise.ufl.edu/research/sparse/matrices/Pajek/IMDB.html,,,,,,,,,
Ill-Stokes,Computational Fluid Dynamics Problem,,SuiteSparse Matrix Collectionn,"Computational fluid dynamics problem, weighted network",,,,,Weighted,"Ill-conditioned matrix from a Stokes problem, by Dominick Szczerba",https://www.cise.ufl.edu/research/sparse/matrices/Szczerba/Ill_Stokes.html,,,,,,,,,
Journals,Undirected Weighted Graph,,SuiteSparse Matrix Collectionn,"Undirected weighted graph, weighted network",,,,,Weighted,Pajek network,https://www.cise.ufl.edu/research/sparse/matrices/Pajek/Journals.html,,,,,,,,,
Kaufhold,Counter-Example Problem,,SuiteSparse Matrix Collectionn,"Counter-example problem, weighted network",,,,,Weighted,"John Kaufhold, GE. Triggers bug in LU in MATLAB 6.5 on Windows (not Linux)",https://www.cise.ufl.edu/research/sparse/matrices/MathWorks/Kaufhold.html,,,,,,,,,
Kemelmacher,Computer Graphics/Vision Problem,,SuiteSparse Matrix Collectionn,"Computer graphics/vision problem, weighted network",,,,,Weighted,"Computer vision problem. Ira Kemelmacher, Weizmann Inst., Israel",https://www.cise.ufl.edu/research/sparse/matrices/Kemelmacher/Kemelmacher.html,10.1007/s11263-006-8815-7,,,,,,,,
Kohonen,Directed Graph,,SuiteSparse Matrix Collectionn,Directed graph,,,,,Unweighted,Pajek network,https://www.cise.ufl.edu/research/sparse/matrices/Pajek/Kohonen.html,,,,,,,,,
Kuu,Structural Problem,,SuiteSparse Matrix Collectionn,"Structural problem, weighted network",,,,,Weighted,"The MathWorks, Inc",https://www.cise.ufl.edu/research/sparse/matrices/MathWorks/Kuu.html,,,,,,,,,
L-9,2D/3D Problem,,SuiteSparse Matrix Collectionn,2D/3D Problem,,,,,Unweighted,2D grid,https://www.cise.ufl.edu/research/sparse/matrices/AG-Monien/L-9.html,,,,,,,,,
L ,2D/3D Problem,,SuiteSparse Matrix Collectionn,2D/3D Problem,,,,,Unweighted,2D grid,https://www.cise.ufl.edu/research/sparse/matrices/AG-Monien/L.html,,,,,,,,,
LF10,Model Reduction Problem,,SuiteSparse Matrix Collectionn,"Model reduction problem, weighted network",,,,,Weighted,Oberwolfach,https://www.cise.ufl.edu/research/sparse/matrices/Oberwolfach/LF10.html,,,,,,,,,
LF10000,Model Reduction Problem,,SuiteSparse Matrix Collection,"Model reduction problem, weighted network",,,,,Weighted,Oberwolfach,https://sparse.tamu.edu/Oberwolfach/LF10000,,,,,,,,,
LFAT5,Model Reduction Problem,,SuiteSparse Matrix Collection,"Model reduction problem, weighted network",,,,,Weighted,Oberwolfach,https://www.cise.ufl.edu/research/sparse/matrices/Oberwolfach/LFAT5.html,10.1016/j.laa.2005.04.002,,,,,,,,
LFAT5000,Model Reduction Problem,,SuiteSparse Matrix Collection,"Model reduction problem, weighted network",,,,,Weighted,Oberwolfach,https://www.cise.ufl.edu/research/sparse/matrices/Oberwolfach/LFAT5000.html,10.1016/j.laa.2005.04.002,,,,,,,,
LargeRegFile,Circuit Simulation Problem,,SuiteSparse Matrix Collection,"Circuit simulation problem, weighted network",,,,,Weighted,"large register file, digital circuit optimization",https://www.cise.ufl.edu/research/sparse/matrices/Stevenson/LargeRegFile.html,10.1109/DATE.2010.5457204,,,,,,,,
Lederberg,Directed Multigraph,,SuiteSparse Matrix Collection,"Directed multigraph, weighted network",,,,,Weighted,Pajek network,https://sparse.tamu.edu/Pajek/Lederberg,,,,,,,,,
Lin,Structural Problem,,SuiteSparse Matrix Collection,"Structural problem, weighted network",,,,,Weighted,Large sparse eigenvalue problem. Chun-hung (Martin) Lin,https://sparse.tamu.edu/Lin/Lin,,,,,,,,,
M10PI-n,Eigenvalue/Model Reduction Problem,,SuiteSparse Matrix Collection,"Eigenvalue/model reduction problem, weighted network",,,,,Weighted,"6 FREITAS, F., ROMMES, J., MARTINS, N., Gramian-Based Reduction Method",https://sparse.tamu.edu/Rommes/M10PI_n,,,,,,,,,
M10PI-n1,Eigenvalue/Model Reduction Problem,,SuiteSparse Matrix Collection,"Eigenvalue/model reduction problem, weighted network",,,,,Weighted,"6 FREITAS, F., ROMMES, J., MARTINS, N., Gramian-Based Reduction Method",https://sparse.tamu.edu/Rommes/M10PI_n1, ,,,,,,,,
M20PI-n,Eigenvalue/Model Reduction Problem,,SuiteSparse Matrix Collection,"Eigenvalue/model reduction problem, weighted network",,,,,Weighted,"6 FREITAS, F., ROMMES, J., MARTINS, N., Gramian-Based Reduction Method",https://sparse.tamu.edu/Rommes/M20PI_n,,,,,,,,,
M20PI-n1,Eigenvalue/Model Reduction Problem,,SuiteSparse Matrix Collection,"Eigenvalue/model reduction problem, weighted network",,,,,Weighted,"6 FREITAS, F., ROMMES, J., MARTINS, N., Gramian-Based Reduction Method",https://sparse.tamu.edu/Rommes/M20PI_n1,,,,,,,,,
M40PI-n,Eigenvalue/Model Reduction Problem,,SuiteSparse Matrix Collection,"Eigenvalue/model reduction problem, weighted network",,,,,Weighted,"6 FREITAS, F., ROMMES, J., MARTINS, N., Gramian-Based Reduction Method",https://sparse.tamu.edu/Rommes/M40PI_n,,,,,,,,,
M40PI-n1,Eigenvalue/Model Reduction Problem,,SuiteSparse Matrix Collection,"Eigenvalue/model reduction problem, weighted network",,,,,Weighted,"6 FREITAS, F., ROMMES, J., MARTINS, N., Gramian-Based Reduction Method",https://sparse.tamu.edu/Rommes/M40PI_n1,,,,,,,,,
M80PI-n,Eigenvalue/Model Reduction Problem,,SuiteSparse Matrix Collection,"Eigenvalue/model reduction problem, weighted network",,,,,Weighted,"6 FREITAS, F., ROMMES, J., MARTINS, N., Gramian-Based Reduction Method",https://sparse.tamu.edu/Rommes/M80PI_n,,,,,,,,,
M80PI-n1,Eigenvalue/Model Reduction Problem,,SuiteSparse Matrix Collection,"Eigenvalue/model reduction problem, weighted network",,,,,Weighted,"6 FREITAS, F., ROMMES, J., MARTINS, N., Gramian-Based Reduction Method",https://sparse.tamu.edu/Rommes/M80PI_n1,,,,,,,,,
Maragal-1,Least Squares Problem,,SuiteSparse Matrix Collection,"Least squares problem, weighted network",,,,,Weighted,"Rank deficient least squares problem, D. Maragal, NY Power Authority",https://www.cise.ufl.edu/research/sparse/matrices/NYPA/Maragal_1.html,,,,,,,,,
Maragal-2,Least Squares Problem,,SuiteSparse Matrix Collection,"Least squares problem, weighted network",,,,,Weighted,"Rank deficient least squares problem, D. Maragal, NY Power Authority",https://www.cise.ufl.edu/research/sparse/matrices/NYPA/Maragal_2.html,,,,,,,,,
Maragal-3,Least Squares Problem,,SuiteSparse Matrix Collection,"Least squares problem, weighted network",,,,,Weighted,"Rank deficient least squares problem, D. Maragal, NY Power Authority",https://www.cise.ufl.edu/research/sparse/matrices/NYPA/Maragal_3.html,,,,,,,,,
Maragal-4,Least Squares Problem,,SuiteSparse Matrix Collection,"Least squares problem, weighted network",,,,,Weighted,"Rank deficient least squares problem, D. Maragal, NY Power Authority",https://www.cise.ufl.edu/research/sparse/matrices/NYPA/Maragal_4.html,,,,,,,,,
Maragal-5,Least Squares Problem,,SuiteSparse Matrix Collection,"Least squares problem, weighted network",,,,,Weighted,"Rank deficient least squares problem, D. Maragal, NY Power Authority",https://www.cise.ufl.edu/research/sparse/matrices/NYPA/Maragal_5.html,,,,,,,,,
Maragal-6,Least Squares Problem,,SuiteSparse Matrix Collection,"Least squares problem, weighted network",,,,,Weighted,"Rank deficient least squares problem, D. Maragal, NY Power Authority",https://www.cise.ufl.edu/research/sparse/matrices/NYPA/Maragal_6.html,,,,,,,,,
Maragal-7,Least Squares Problem,,SuiteSparse Matrix Collection,"Least squares problem, weighted network",,,,,Weighted,"Rank deficient least squares problem, D. Maragal, NY Power Authority",https://www.cise.ufl.edu/research/sparse/matrices/NYPA/Maragal_7.html,,,,,,,,,
Maragal-8,Least Squares Problem,,SuiteSparse Matrix Collection,"Least squares problem, weighted network",,,,,Weighted,"Rank deficient least squares problem, D. Maragal, NY Power Authority",https://www.cise.ufl.edu/research/sparse/matrices/NYPA/Maragal_8.html,,,,,,,,,
Muu,Structural Problem,,SuiteSparse Matrix Collection,"Structural problem, weighted network",,,,,Weighted,"The MathWorks, Inc",https://www.cise.ufl.edu/research/sparse/matrices/MathWorks/Muu.html,,,,,,,,,
Na5,Theoretical/quantum chemistry problem,,SuiteSparse Matrix Collection,"Theoretical/quantum chemistry problem, weighted network",,,,,Weighted,"Real-space pseudopotential method. Zhou, Saad, Tiago, Chelikowsky, Univ MN",https://www.cise.ufl.edu/research/sparse/matrices/PARSEC/Na5.html,10.1016/j.laa.2010.06.034,,,,,,,,
NotreDame-actors,Bipartite Graph,,SuiteSparse Matrix Collection,Bipartite graph,,,,,Unweighted,CCNR network,https://www.cise.ufl.edu/research/sparse/matrices/Barabasi/NotreDame_actors.html,,,,,,,,,
NotreDame-www,Directed Graph,,SuiteSparse Matrix Collection,Directed graph,,,,,Unweighted,CCNR network,https://www.cise.ufl.edu/research/sparse/matrices/Barabasi/NotreDame_www.html,,,,,,,,,
NotreDame-yeast,Undirected Graph,,SuiteSparse Matrix Collection,Undirected graph,,,,,Unweighted,CCNR network,https://www.cise.ufl.edu/research/sparse/matrices/Barabasi/NotreDame_yeast.html,,,,,,,,,
ODLIS,Directed Multigraph,,SuiteSparse Matrix Collection,"Directed multigraph, weighted network",,,,,Weighted,Pajek network,https://www.cise.ufl.edu/research/sparse/matrices/Pajek/ODLIS.html,,,,,,,,,
OPF-10000,Power Network Problem,,SuiteSparse Matrix Collection,"Power network problem, weighted network",,,,,Weighted,"Power simulation matrix, Li Peijie, Inst. of Power Systems, Guangxi Univ.",https://sparse.tamu.edu/IPSO/OPF_10000,,,,,,,,,
OPF-3754,Power Network Problem,,SuiteSparse Matrix Collection,"Power network problem, weighted network",,,,,Weighted,"Power simulation matrix, Li Peijie, Inst. of Power Systems, Guangxi Univ.",https://www.cise.ufl.edu/research/sparse/matrices/IPSO/OPF_3754.html,,,,,,,,,
OPF-6000,Power Network Problem,,SuiteSparse Matrix Collection,"Power network problem, weighted network",,,,,Weighted,"Power simulation matrix, Li Peijie, Inst. of Power Systems, Guangxi Univ.",https://www.cise.ufl.edu/research/sparse/matrices/IPSO/OPF_6000.html,,,,,,,,,
Oregon-1,Undirected Graph Sequence,,SuiteSparse Matrix Collection,Undirected graph sequence,,,,,Unweighted,"(9 graphs) AS peering info inferred from Oregon route-views, 3/31-5/26/01",https://www.cise.ufl.edu/research/sparse/matrices/SNAP/Oregon-1.html,,,,,,,,,
Oregon-2,Undirected Graph Sequence,,SuiteSparse Matrix Collection,Undirected graph sequence,,,,,Unweighted,"(9 graphs) AS peering info inferred from Oregon route-views, 3/31-5/26/01",https://www.cise.ufl.edu/research/sparse/matrices/SNAP/Oregon-2.html,,,,,,,,,
PGPgiantcompo,Undirected Multigraph,,SuiteSparse Matrix Collection,"Undirected multigraph, weighted network",,,,,Weighted,largest connected component in graph of PGP users,https://www.cise.ufl.edu/research/sparse/matrices/Arenas/PGPgiantcompo.html,,,,,,,,,
PR02R,Computational Fluid Dynamics Problem,,SuiteSparse Matrix Collection,"Computational fluid dynamics problem, weighted network",,,,,Weighted,PR02R,https://www.cise.ufl.edu/research/sparse/matrices/Fluorem/PR02R.html,10.4203/ccp.95.39,,,,,,,,
Pd,,,,,,,,,,,,,,,,,,,,
Pd-rhs,,,,,,,,,,,,,,,,,,,,
Pres-Poisson,Computational Fluid Dynamics Problem,,,"Computational fluid dynamics problem, weighted network",,,,,Weighted,"ACUSIM, Inc",,,,,,,,,,
QRpivot,Counter-example problem,,,"Counter-example problem, weighted network",,,,,Weighted,R1 R2 where R1 is square and upper triangular) leads to the following,https://sparse.tamu.edu/MathWorks/QRpivot,,,,,,,,,
RFdevice,Semiconductor Device Problem,,SuiteSparse Matrix Collection,"Semiconductor device problem, weighted network",,,,,Weighted,"semiconductor device simulation, Johann Rost, Politehnia Univ., Bucharest",https://www.cise.ufl.edu/research/sparse/matrices/Rost/RFdevice.html,,,,,,,,,
RM07R,Computational Fluid Dynamics Problem,,SuiteSparse Matrix Collection,"Computational fluid dynamics problem, weighted network",,,,,Weighted,RM07R,https://www.cise.ufl.edu/research/sparse/matrices/Fluorem/RM07R.html,10.1016/j.compfluid.2012.03.023,,,,,,,,
Ragusa16,Directed Weighted Graph,,SuiteSparse Matrix Collection,"Directed weighted graph, weighted network",,,,,Weighted ,Pajek network,https://www.cise.ufl.edu/research/sparse/matrices/Pajek/Ragusa16.html,10.1177/0894439307299587,,,,,,,,
Ragusa18,Directed Weighted Graph,,SuiteSparse Matrix Collection,"Directed weighted graph, weighted network",,,,,Weighted ,Pajek network,https://www.cise.ufl.edu/research/sparse/matrices/Pajek/Ragusa18.html,10.1177/0894439307299587,,,,,,,,
Raj1,Circuit Simulation Problem,,SuiteSparse Matrix Collection,"Circuit simulation problem, weighted network",,,,,Weighted,Circuit simulation matrix from Raj,https://sparse.tamu.edu/Rajat/Raj1,10.1145/1824801.1824814,,,,,,,,
Reuters911,Undirected Weighted Graph Sequence,,SuiteSparse Matrix Collection,"Undirected weighted graph sequence, weighted network",,,,,Weighted,Pajek network,https://www.cise.ufl.edu/research/sparse/matrices/Pajek/Reuters911.html,,,,,,,,,
Roget,Directed Graph,,SuiteSparse Matrix Collection,Directed graph,,,,,Unweighted,Pajek network,https://sparse.tamu.edu/Pajek/Roget,,,,,,,,,
Rucci1,Least Squares Problem,,SuiteSparse Matrix Collection,"Least squares problem, weighted network",,,,,Weighted,"ill-conditioned least-squares problem, A. Rucci",https://www.cise.ufl.edu/research/sparse/matrices/Rucci/Rucci1.html,10.1145/2049662.2049670,,,,,,,,
S10PI-n,Eigenvalue/Model Reduction Problem,,SuiteSparse Matrix Collection,"Eigenvalue/model reduction problem, weighted network",,,,,Weighted,"6 FREITAS, F., ROMMES, J., MARTINS, N., Gramian-Based Reduction Method",https://sparse.tamu.edu/Rommes/S10PI_n,10.3934/naco.2018007,,,,,,,,
S10PI-n1,Eigenvalue/Model Reduction Problem,,SuiteSparse Matrix Collection,"Eigenvalue/model reduction problem, weighted network",,,,,Weighted,"6 FREITAS, F., ROMMES, J., MARTINS, N., Gramian-Based Reduction Method",https://sparse.tamu.edu/Rommes/S10PI_n1,10.3934/naco.2018007,,,,,,,,
S20PI-n,Eigenvalue/Model Reduction Problem,,SuiteSparse Matrix Collection,"Eigenvalue/model reduction problem, weighted network",,,,,Weighted,"6 FREITAS, F., ROMMES, J., MARTINS, N., Gramian-Based Reduction Method",https://sparse.tamu.edu/Rommes/S20PI_n,10.3934/naco.2018007,,,,,,,,
S20PI-n1,Eigenvalue/Model Reduction Problem,,SuiteSparse Matrix Collection,"Eigenvalue/model reduction problem, weighted network",,,,,Weighted,"6 FREITAS, F., ROMMES, J., MARTINS, N., Gramian-Based Reduction Method",https://sparse.tamu.edu/Rommes/S20PI_n1,10.3934/naco.2018007,,,,,,,,
S40PI-n,Eigenvalue/Model Reduction Problem,,SuiteSparse Matrix Collection,"Eigenvalue/model reduction problem, weighted network",,,,,Weighted,"6 FREITAS, F., ROMMES, J., MARTINS, N., Gramian-Based Reduction Method",https://sparse.tamu.edu/Rommes/S40PI_n,10.3934/naco.2018007,,,,,,,,
S40PI-n1,Eigenvalue/Model Reduction Problem,,SuiteSparse Matrix Collection,"Eigenvalue/model reduction problem, weighted network",,,,,Weighted,"6 FREITAS, F., ROMMES, J., MARTINS, N., Gramian-Based Reduction Method",https://sparse.tamu.edu/Rommes/S40PI_n1,10.3934/naco.2018007,,,,,,,,
S80PI-n,Eigenvalue/Model Reduction Problem,,SuiteSparse Matrix Collection,"Eigenvalue/model reduction problem, weighted network",,,,,Weighted,"6 FREITAS, F., ROMMES, J., MARTINS, N., Gramian-Based Reduction Method",https://sparse.tamu.edu/Rommes/S80PI_n,10.3934/naco.2018007,,,,,,,,
S80PI-n1,Eigenvalue/Model Reduction Problem,,SuiteSparse Matrix Collection,"Eigenvalue/model reduction problem, weighted network",,,,,Weighted,"6 FREITAS, F., ROMMES, J., MARTINS, N., Gramian-Based Reduction Method",https://sparse.tamu.edu/Rommes/S80PI_n1,10.3934/naco.2018007,,,,,,,,
Sandi-authors,Undirected Weighted Graph,,,"Undirected weighted graph, weighted network",,,,,Weighted,Pajek network,,,,,,,,,,
Sandi-sandi,Bipartite Graph,,,Bipartite Graph,,,,,Unweighted,Pajek network,,,,,,,,,,
SciMet,Directed Multigraph,,SuiteSparse Matrix Collection,"Directed multigraph, weighted network",,,,,Weighted,Pajek network,https://www.cise.ufl.edu/research/sparse/matrices/Pajek/SciMet.html,,,,,,,,,
Serena,Structural Problem,,,"Structural problem, weighted network",,,,,Weighted,gas resevoir simulation for CO2 sequestration,https://www.cise.ufl.edu/research/sparse/matrices/Janna/Serena.html,,,,,,,,,
Si10H16,Theoretical/Quantum Chemistry Problem,,SuiteSparse Matrix Collection,"Theoretica/quantum chemistry problem, weighted network",,,,,Weighted,"Real-space pseudopotential method. Zhou, Saad, Tiago, Chelikowsky, Univ MN",https://www.cise.ufl.edu/research/sparse/matrices/PARSEC/Si10H16.html,10.1007/s11075-008-9192-9,,,,,,,,
Si2,Theoretical/Quantum Chemistry Problem,,SuiteSparse Matrix Collection,"Theoretica/quantum chemistry problem, weighted network",,,,,Weighted,"Real-space pseudopotential method. Zhou, Saad, Tiago, Chelikowsky, Univ MN",https://sparse.tamu.edu/PARSEC/Si2,,,,,,,,,
Si34H36,Theoretical/Quantum Chemistry Problem,,SuiteSparse Matrix Collection,"Theoretica/quantum chemistry problem, weighted network",,,,,Weighted,"Real-space pseudopotential method. Zhou, Saad, Tiago, Chelikowsky, Univ MN",https://www.cise.ufl.edu/research/sparse/matrices/PARSEC/Si34H36.html,,,,,,,,,
SI41GE41H72,Theoretical/Quantum Chemistry Problem,,SuiteSparse Matrix Collection,"Theoretica/quantum chemistry problem, weighted network",,,,,Weighted,"Real-space pseudopotential method. Zhou, Saad, Tiago, Chelikowsky, Univ MN",https://www.cise.ufl.edu/research/sparse/matrices/PARSEC/Si41Ge41H72.html,,,,,,,,,
,,,,,,,,,,,,,,,,,,,,
,,,,,,,,,,,,,,,,,,,,
,,,,,,,,,,,,,,,,,,,,
,,,,,,,,,,,,,,,,,,,,
,,,,,,,,,,,,,,,,,,,,
,,,,,,,,,,,,,,,,,,,,
,,,,,,,,,,,,,,,,,,,,
,,,,,,,,,,,,,,,,,,,,
,,,,,,,,,,,,,,,,,,,,
,,,,,,,,,,,,,,,,,,,,